name; position.x; position.y; position.z
sun;0.0012769;-0.000592968;-3.97467e-05
jupiter;3.08468;-4.12372;-0.0328692
saturn;6.51854;6.81092;-0.334224
uranus;17.3471;9.86879;-0.184694
neptune;29.506;4.43725;-0.777869
